symbol,security_id,segment
20MICRONS,16921,NSE_EQ
21STCENMGM,4,NSE_EQ
360ONE,13061,NSE_EQ
3BBLACKBIO,762518,NSE_EQ
3MINDIA,474,NSE_EQ
3PLAND,2595,NSE_EQ
5PAISA,445,NSE_EQ
63MOONS,11868,NSE_EQ
A2ZINFRA,20906,NSE_EQ
AAATECH,12533,NSE_EQ
AADHARHFC,23729,NSE_EQ
AAKASH,235,NSE_EQ
AAREYDRUGS,5245,NSE_EQ
AARON,1030,NSE_EQ
AARTIDRUGS,4481,NSE_EQ
AARTIIND,7,NSE_EQ
AARTIPHARM,13868,NSE_EQ
AARVI,19073,NSE_EQ
AASTHA,763800,NSE_EQ
AAVAS,5385,NSE_EQ
ABANSENT,762523,NSE_EQ
ABB,13,NSE_EQ
ABBOTINDIA,17903,NSE_EQ
ABCAPITAL,21614,NSE_EQ
ABCOTS,759130,NSE_EQ
ABDL,24308,NSE_EQ
ABFRL,30108,NSE_EQ
ABLBL,756843,NSE_EQ
ABMKNO,762528,NSE_EQ
ABREL,625,NSE_EQ
ABSLAMC,6018,NSE_EQ
ACC,22,NSE_EQ
ACCELYA,7053,NSE_EQ
ACE,13587,NSE_EQ
ACEINTEG,11779,NSE_EQ
ACGL,764558,NSE_EQ
ACI,12024,NSE_EQ
ACL,15420,NSE_EQ
ACMESOLAR,27061,NSE_EQ
ACUTAAS,5578,NSE_EQ
ADANIENSOL,10217,NSE_EQ
ADANIENT,25,NSE_EQ
ADANIGREEN,3563,NSE_EQ
ADANIPORTS,15083,NSE_EQ
ADANIPOWER,17388,NSE_EQ
ADDIND,764563,NSE_EQ
ADFFOODS,19761,NSE_EQ
ADL,245,NSE_EQ
ADOR,34,NSE_EQ
ADROITINFO,4953,NSE_EQ
ADSL,14813,NSE_EQ
ADVAIT,760657,NSE_EQ
ADVANCE,759402,NSE_EQ
ADVANIHOTR,14745,NSE_EQ
ADVENTHTL,759769,NSE_EQ
ADVENZYMES,18039,NSE_EQ
ADVIKCA,765015,NSE_EQ
AEGISLOG,40,NSE_EQ
AEGISVOPAK,757336,NSE_EQ
AEPL,761330,NSE_EQ
AEQUS,760234,NSE_EQ
AEROENTER,12015,NSE_EQ
AEROFLEX,18268,NSE_EQ
AERONEU,13689,NSE_EQ
AEROPLANE,761670,NSE_EQ
AETHER,9810,NSE_EQ
AFCONS,25977,NSE_EQ
AFFLE,11343,NSE_EQ
AFIL,24159,NSE_EQ
AFSL,13288,NSE_EQ
AGARIND,3389,NSE_EQ
AGARWALEYE,29452,NSE_EQ
AGI,1412,NSE_EQ
AGIIL,24445,NSE_EQ
AGL,763784,NSE_EQ
AGRITECH,11072,NSE_EQ
AGROPHOS,9046,NSE_EQ
AHCL,758968,NSE_EQ
AHLADA,2004,NSE_EQ
AHLEAST,19438,NSE_EQ
AHLUCONT,17833,NSE_EQ
AIAENG,13086,NSE_EQ
AIIL,23553,NSE_EQ
AIRAN,9897,NSE_EQ
AIROLAM,6068,NSE_EQ
AJANTPHARM,8124,NSE_EQ
AJAXENGG,29624,NSE_EQ
AJMERA,17307,NSE_EQ
AJOONI,3403,NSE_EQ
AKASH,13510,NSE_EQ
AKCAPIT,762538,NSE_EQ
AKG,2176,NSE_EQ
AKSHAR,9558,NSE_EQ
AKUMS,24715,NSE_EQ
ALANKIT,9921,NSE_EQ
ALBERTDAVD,17256,NSE_EQ
ALEMBICLTD,79,NSE_EQ
ALFREDHE,764573,NSE_EQ
ALGOQUANT,761270,NSE_EQ
ALICON,13656,NSE_EQ
ALIVUS,5265,NSE_EQ
ALKEM,11703,NSE_EQ
ALKYLAMINE,4487,NSE_EQ
ALLCARGO,13501,NSE_EQ
ALLDIGI,11798,NSE_EQ
ALLTIME,758448,NSE_EQ
ALMONDZ,16719,NSE_EQ
ALOKINDS,17675,NSE_EQ
ALPA,14848,NSE_EQ
ALPINETEX,764186,NSE_EQ
ALUFLUOR,764578,NSE_EQ
AMAGI,760740,NSE_EQ
AMAL,764583,NSE_EQ
AMARJOTHI,764588,NSE_EQ
AMBER,1185,NSE_EQ
AMBICAAGAR,11496,NSE_EQ
AMBIKCO,15234,NSE_EQ
AMBUJACEM,1270,NSE_EQ
AMJLAND,2598,NSE_EQ
AMNPLST,19867,NSE_EQ
AMRUTANJAN,17547,NSE_EQ
ANANDRATHI,7145,NSE_EQ
ANANTRAJ,13620,NSE_EQ
ANDHRAPAP,166,NSE_EQ
ANDHRSUGAR,136,NSE_EQ
ANDREWYU,5206,NSE_EQ
ANGELONE,324,NSE_EQ
ANIKINDS,16657,NSE_EQ
ANNAPURNA,764471,NSE_EQ
ANSALBU,765020,NSE_EQ
ANTELOPUS,13598,NSE_EQ
ANTGRAPHIC,5194,NSE_EQ
ANTHEM,757885,NSE_EQ
ANUHPHR,28314,NSE_EQ
ANUP,9014,NSE_EQ
ANURAS,2829,NSE_EQ
APARINDS,11491,NSE_EQ
APCL,20453,NSE_EQ
APCOTEXIND,154,NSE_EQ
APEX,21623,NSE_EQ
APLAPOLLO,25780,NSE_EQ
APLLTD,25328,NSE_EQ
APOLLO,1134,NSE_EQ
APOLLOHOSP,157,NSE_EQ
APOLLOPIPE,14361,NSE_EQ
APOLLOTYRE,163,NSE_EQ
APOLSINHOT,6302,NSE_EQ
APOORVA,764593,NSE_EQ
APTUS,5435,NSE_EQ
AQYLON,23365,NSE_EQ
ARCHIDPLY,16795,NSE_EQ
ARCHIES,5688,NSE_EQ
ARCL,764598,NSE_EQ
ARDEE,764480,NSE_EQ
ARE&M,100,NSE_EQ
ARENTERP,181,NSE_EQ
ARFIN,758700,NSE_EQ
ARIHANT,13885,NSE_EQ
ARIHANTCAP,3813,NSE_EQ
ARIHANTSUP,20159,NSE_EQ
ARIS,757614,NSE_EQ
ARKADE,25398,NSE_EQ
ARMANFIN,17263,NSE_EQ
AROGRANITE,14557,NSE_EQ
ARSSBL,759956,NSE_EQ
ARTEMISMED,16913,NSE_EQ
ARTNIRMAN,6156,NSE_EQ
ARVEE,2814,NSE_EQ
ARVIND,193,NSE_EQ
ARVINDFASN,9111,NSE_EQ
ARVSMART,10457,NSE_EQ
ARYAMAN,764603,NSE_EQ
ASAHIINDIA,5378,NSE_EQ
ASAL,10634,NSE_EQ
ASALCBR,17598,NSE_EQ
ASHAPURMIN,203,NSE_EQ
ASHIANA,24403,NSE_EQ
ASHIMASYN,206,NSE_EQ
ASHOKA,20182,NSE_EQ
ASHOKAMET,16943,NSE_EQ
ASHOKLEY,212,NSE_EQ
ASIANENE,7030,NSE_EQ
ASIANHOTNR,18422,NSE_EQ
ASIANPAINT,236,NSE_EQ
ASIANTILES,14889,NSE_EQ
ASIANTNE,765025,NSE_EQ
ASKAUTOLTD,20152,NSE_EQ
ASPINWALL,17270,NSE_EQ
ASSAMENT,765237,NSE_EQ
ASTAR,762553,NSE_EQ
ASTEC,17728,NSE_EQ
ASTERDM,1508,NSE_EQ
ASTRAL,14418,NSE_EQ
ASTRAMICRO,11618,NSE_EQ
ASTRAZEN,5610,NSE_EQ
ATALREAL,15649,NSE_EQ
ATAM,15404,NSE_EQ
ATGL,6066,NSE_EQ
ATHERENERG,757645,NSE_EQ
ATL,17778,NSE_EQ
ATLANTAA,13585,NSE_EQ
ATLANTAELE,759007,NSE_EQ
ATLASCYCLE,4568,NSE_EQ
ATUL,263,NSE_EQ
ATULAUTO,30023,NSE_EQ
AUBANK,21238,NSE_EQ
AURIONPRO,12022,NSE_EQ
AUROPHARMA,275,NSE_EQ
AURUM,10310,NSE_EQ
AURUS,31468,NSE_EQ
AUSOMENT,4037,NSE_EQ
AUSTENG,764608,NSE_EQ
AUTOAXLES,278,NSE_EQ
AUTOIND,14106,NSE_EQ
AVADHSUGAR,21406,NSE_EQ
AVALON,15058,NSE_EQ
AVANCE,765030,NSE_EQ
AVANTEL,24610,NSE_EQ
AVANTIFEED,7936,NSE_EQ
AVL,25984,NSE_EQ
AVONMORE,13557,NSE_EQ
AVROIND,8827,NSE_EQ
AVTNPL,14008,NSE_EQ
AWFIS,23864,NSE_EQ
AWHCL,1797,NSE_EQ
AWL,8110,NSE_EQ
AXISBANK,5900,NSE_EQ
AXISCADES,9436,NSE_EQ
AXITA,9902,NSE_EQ
AXTEL,764613,NSE_EQ
AYE,760981,NSE_EQ
AYMSYNTEX,10285,NSE_EQ
AZAD,20905,NSE_EQ
AZADIND,765035,NSE_EQ
BAGFILMS,11226,NSE_EQ
BAIDFIN,13794,NSE_EQ
BAJAJ-AUTO,16669,NSE_EQ
BAJAJCON,19531,NSE_EQ
BAJAJELEC,15034,NSE_EQ
BAJAJFINSV,16675,NSE_EQ
BAJAJHCARE,6863,NSE_EQ
BAJAJHFL,25270,NSE_EQ
BAJAJHIND,308,NSE_EQ
BAJAJHLDNG,305,NSE_EQ
BAJAJINDEF,29678,NSE_EQ
BAJAJST,762563,NSE_EQ
BAJEL,20531,NSE_EQ
BAJFINANCE,317,NSE_EQ
BALAJEE,25203,NSE_EQ
BALAJITELE,9158,NSE_EQ
BALAMINES,14501,NSE_EQ
BALAXI,11309,NSE_EQ
BALKRISHNA,10181,NSE_EQ
BALKRISIND,335,NSE_EQ
BALMLAWRIE,338,NSE_EQ
BALPHARMA,13441,NSE_EQ
BALRAMCHIN,341,NSE_EQ
BALUFORGE,23607,NSE_EQ
BANARBEADS,347,NSE_EQ
BANARISUG,350,NSE_EQ
BANCOINDIA,13880,NSE_EQ
BANDHANBNK,2263,NSE_EQ
BANG,15303,NSE_EQ
BANKA,822,NSE_EQ
BANKBARODA,4668,NSE_EQ
BANKINDIA,4745,NSE_EQ
BANSALWIRE,24386,NSE_EQ
BANSWRAS,14511,NSE_EQ
BASF,368,NSE_EQ
BATAINDIA,371,NSE_EQ
BATLIBOI,762568,NSE_EQ
BAYERCROP,17927,NSE_EQ
BBL,13761,NSE_EQ
BBOX,3435,NSE_EQ
BBTC,380,NSE_EQ
BBTCL,12153,NSE_EQ
BCG,8833,NSE_EQ
BCLIND,2513,NSE_EQ
BCONCEPTS,7780,NSE_EQ
BCPL,761494,NSE_EQ
BDL,2144,NSE_EQ
BEARDSELL,17933,NSE_EQ
BECTORFOOD,1628,NSE_EQ
BEDMUTHA,20196,NSE_EQ
BEEKAY,762573,NSE_EQ
BEL,383,NSE_EQ
BELLACASA,757938,NSE_EQ
BELRISE,757102,NSE_EQ
BEML,395,NSE_EQ
BENARAS,764618,NSE_EQ
BENGALASM,762578,NSE_EQ
BEPL,419,NSE_EQ
BERGEPAINT,404,NSE_EQ
BESTAGRO,2306,NSE_EQ
BETA,759842,NSE_EQ
BFINVEST,21113,NSE_EQ
BFUTILITIE,14567,NSE_EQ
BHAGCHEM,6164,NSE_EQ
BHAGYANGR,20776,NSE_EQ
BHANDARI,19556,NSE_EQ
BHARATCOAL,760726,NSE_EQ
BHARATFORG,422,NSE_EQ
BHARATRAS,3834,NSE_EQ
BHARATSE,30244,NSE_EQ
BHARATWIRE,16123,NSE_EQ
BHARTIARTL,10604,NSE_EQ
BHARTIHEXA,23489,NSE_EQ
BHEL,438,NSE_EQ
BIGBLOC,18431,NSE_EQ
BIKAJI,11966,NSE_EQ
BIL,7848,NSE_EQ
BIMETAL,762588,NSE_EQ
BIOCON,11373,NSE_EQ
BIOFILCHEM,4136,NSE_EQ
BIRLACORPN,480,NSE_EQ
BIRLAMONEY,15239,NSE_EQ
BIRLANU,1455,NSE_EQ
BLACKBUCK,27144,NSE_EQ
BLAL,15067,NSE_EQ
BLBLIMITED,8132,NSE_EQ
BLEL,765291,NSE_EQ
BLIL,762603,NSE_EQ
BLKASHYAP,13290,NSE_EQ
BLS,17279,NSE_EQ
BLSE,22566,NSE_EQ
BLUECLOUDS,765040,NSE_EQ
BLUEDART,495,NSE_EQ
BLUEJET,19686,NSE_EQ
BLUESTARCO,8311,NSE_EQ
BLUESTONE,759291,NSE_EQ
BLUSPRING,757520,NSE_EQ
BMWVENTLTD,759256,NSE_EQ
BNAGROCHEM,762608,NSE_EQ
BOHRAIND,11640,NSE_EQ
BOMDYEING,513,NSE_EQ
BONLON,761056,NSE_EQ
BORANA,757919,NSE_EQ
BOROLTD,19401,NSE_EQ
BORORENEW,3149,NSE_EQ
BOROSCI,24014,NSE_EQ
BOSCH-HCIL,4491,NSE_EQ
BOSCHLTD,2181,NSE_EQ
BPCL,526,NSE_EQ
BPL,530,NSE_EQ
BPLPHARMA,764623,NSE_EQ
BRAHMINFRA,764628,NSE_EQ
BRIGADE,15184,NSE_EQ
BRIGHOTEL,757794,NSE_EQ
BRIGHTBR,764633,NSE_EQ
BRITANNIA,547,NSE_EQ
BRNL,21683,NSE_EQ
BSE,19585,NSE_EQ
BSHSL,809,NSE_EQ
BSL,559,NSE_EQ
BSOFT,6994,NSE_EQ
BTML,14150,NSE_EQ
BUILDPRO,760594,NSE_EQ
BUTTERFLY,2716,NSE_EQ
BVCL,15073,NSE_EQ
CAMLINFINE,6216,NSE_EQ
CAMPUS,9362,NSE_EQ
CAMS,342,NSE_EQ
CANBK,10794,NSE_EQ
CANFINHOME,583,NSE_EQ
CANHLIFE,759477,NSE_EQ
CANTABIL,20160,NSE_EQ
CAPACITE,21749,NSE_EQ
CAPILLARY,759867,NSE_EQ
CAPITALSFB,22675,NSE_EQ
CAPLIPOINT,3906,NSE_EQ
CARBORUNIV,595,NSE_EQ
CARERATING,29113,NSE_EQ
CARRARO,28879,NSE_EQ
CARTRADE,5407,NSE_EQ
CARYSIL,1879,NSE_EQ
CASTROLIND,1250,NSE_EQ
CCAVENUE,16249,NSE_EQ
CCCL,14992,NSE_EQ
CCHHL,6385,NSE_EQ
CCL,11452,NSE_EQ
CDSL,21174,NSE_EQ
CEATLTD,15254,NSE_EQ
CEIGALL,24742,NSE_EQ
CEINSYS,761037,NSE_EQ
CELEBRITY,13162,NSE_EQ
CELLO,19795,NSE_EQ
CEMPRO,5622,NSE_EQ
CENTENKA,619,NSE_EQ
CENTEXT,11511,NSE_EQ
CENTRALBK,14894,NSE_EQ
CENTRUM,2454,NSE_EQ
CENTUM,14982,NSE_EQ
CENTURYPLY,13305,NSE_EQ
CERA,15039,NSE_EQ
CESC,628,NSE_EQ
CEWATER,28764,NSE_EQ
CGCL,20329,NSE_EQ
CGPOWER,760,NSE_EQ
CGVAK,764643,NSE_EQ
CHALET,8546,NSE_EQ
CHAMBLFERT,637,NSE_EQ
CHEMBOND,14618,NSE_EQ
CHEMCRUX,765045,NSE_EQ
CHEMFAB,2799,NSE_EQ
CHEMPLASTS,5449,NSE_EQ
CHENNPETRO,2049,NSE_EQ
CHEVIOT,9879,NSE_EQ
CHOICEIN,8866,NSE_EQ
CHOLAFIN,685,NSE_EQ
CHOLAHLDNG,21740,NSE_EQ
CIEINDIA,14937,NSE_EQ
CIFL,756015,NSE_EQ
CINELINE,27161,NSE_EQ
CINEVISTA,8024,NSE_EQ
CIPLA,694,NSE_EQ
CLEAN,5049,NSE_EQ
CLEANMAX,760183,NSE_EQ
CLSEL,3482,NSE_EQ
CMLL,764255,NSE_EQ
CMPDI,761581,NSE_EQ
CMRGREEN,30893,NSE_EQ
CMSINFO,7603,NSE_EQ
CNL,11155,NSE_EQ
COALINDIA,20374,NSE_EQ
COASTCORP,6006,NSE_EQ
COCHINSHIP,21508,NSE_EQ
COCKERILL,762623,NSE_EQ
COFORGE,11543,NSE_EQ
COHANCE,17945,NSE_EQ
COLPAL,15141,NSE_EQ
COMFINTE,762628,NSE_EQ
COMPEAU,764648,NSE_EQ
COMPUSOFT,31138,NSE_EQ
COMSYN,21578,NSE_EQ
CONCOR,4749,NSE_EQ
CONCORDBIO,18060,NSE_EQ
CONFIPET,10238,NSE_EQ
CONTROLPR,17477,NSE_EQ
CORALFINAC,4007,NSE_EQ
CORDELIA,762163,NSE_EQ
COROMANDEL,739,NSE_EQ
CORONA,760254,NSE_EQ
COSMOFIRST,742,NSE_EQ
CPCAP,20086,NSE_EQ
CPEDU,758941,NSE_EQ
CPL,764203,NSE_EQ
CPPLUS,758858,NSE_EQ
CRAFTSMAN,2854,NSE_EQ
CRAMC,759311,NSE_EQ
CRAVATEX,764653,NSE_EQ
CREATIVEYE,9384,NSE_EQ
CREDITACC,4421,NSE_EQ
CREST,13900,NSE_EQ
CRISIL,757,NSE_EQ
CRIZAC,757850,NSE_EQ
CROMPTON,17094,NSE_EQ
CROWN,8083,NSE_EQ
CSBBANK,14966,NSE_EQ
CSLFINANCE,10350,NSE_EQ
CSM,763753,NSE_EQ
CUB,5701,NSE_EQ
CUBEXTUB,4064,NSE_EQ
CUMMINSIND,1901,NSE_EQ
CUPID,18520,NSE_EQ
CYIENT,5748,NSE_EQ
CYIENTDLM,17187,NSE_EQ
DABUR,772,NSE_EQ
DALBHARAT,8075,NSE_EQ
DALMIASUG,781,NSE_EQ
DAMCAPITAL,28662,NSE_EQ
DANGEE,1110,NSE_EQ
DATAMATICS,11423,NSE_EQ
DATAPATTNS,7358,NSE_EQ
DAVANGERE,21794,NSE_EQ
DBCORP,17881,NSE_EQ
DBL,18086,NSE_EQ
DBOL,10893,NSE_EQ
DBREALTY,18124,NSE_EQ
DCAL,21704,NSE_EQ
DCBBANK,13725,NSE_EQ
DCI,11566,NSE_EQ
DCMFINSERV,4775,NSE_EQ
DCMNVL,11039,NSE_EQ
DCMSHRIRAM,811,NSE_EQ
DCMSIL,760896,NSE_EQ
DCMSRIND,7325,NSE_EQ
DCW,817,NSE_EQ
DCXINDIA,11895,NSE_EQ
DDEVPLSTIK,29098,NSE_EQ
DECCANCE,14838,NSE_EQ
DECNGOLD,762638,NSE_EQ
DEEDEV,24154,NSE_EQ
DEEPAKFERT,827,NSE_EQ
DEEPAKNTR,19943,NSE_EQ
DEEPINDS,3292,NSE_EQ
DELHIVERY,9599,NSE_EQ
DELTACORP,15044,NSE_EQ
DELTAMAGNT,1214,NSE_EQ
DEN,17722,NSE_EQ
DENORA,4279,NSE_EQ
DENTA,29256,NSE_EQ
DEVIT,8146,NSE_EQ
DEVX,759079,NSE_EQ
DEVYANI,5373,NSE_EQ
DGCONTENT,10346,NSE_EQ
DHAMPURSUG,857,NSE_EQ
DHANBANK,11359,NSE_EQ
DHANUKA,24409,NSE_EQ
DHARMAJ,13001,NSE_EQ
DHATRE,765060,NSE_EQ
DHOOTTRANS,764553,NSE_EQ
DHRUV,6858,NSE_EQ
DHUNINV,22233,NSE_EQ
DIAMINESQ,18644,NSE_EQ
DIAMONDYD,21840,NSE_EQ
DICIND,703,NSE_EQ
DIFFNKG,25672,NSE_EQ
DIGIDRIVE,21247,NSE_EQ
DIGISPICE,16683,NSE_EQ
DIGITIDE,757515,NSE_EQ
DISAQ,762643,NSE_EQ
DISHTV,14537,NSE_EQ
DIVGIITTS,14479,NSE_EQ
DIVISLAB,10940,NSE_EQ
DIXON,21690,NSE_EQ
DJML,12749,NSE_EQ
DLF,14732,NSE_EQ
DLINKINDIA,17851,NSE_EQ
DMART,19913,NSE_EQ
DMCC,6973,NSE_EQ
DNAMEDIA,641,NSE_EQ
DODLA,4822,NSE_EQ
DOLATALGO,12124,NSE_EQ
DOLLAR,20560,NSE_EQ
DOLPHIN,18139,NSE_EQ
DOMS,20551,NSE_EQ
DONEAR,13839,NSE_EQ
DPABHUSHAN,936,NSE_EQ
DRAGARWQ,762648,NSE_EQ
DRCSYSTEMS,2645,NSE_EQ
DREAMFOLKS,10859,NSE_EQ
DREDGECORP,11271,NSE_EQ
DRREDDY,881,NSE_EQ
DSSL,25690,NSE_EQ
DUCON,28952,NSE_EQ
DVL,15214,NSE_EQ
DWARKESH,11667,NSE_EQ
DYCL,10417,NSE_EQ
DYNAMATECH,4525,NSE_EQ
DYNPRO,21314,NSE_EQ
EASEMYTRIP,2792,NSE_EQ
EASTWEST,765065,NSE_EQ
EBGNG,757862,NSE_EQ
ECLERX,15179,NSE_EQ
ECORECO,764663,NSE_EQ
EDELWEISS,15119,NSE_EQ
EFCIL,758675,NSE_EQ
EICHERMOT,910,NSE_EQ
EIDPARRY,916,NSE_EQ
EIEL,27213,NSE_EQ
EIHAHOTELS,15399,NSE_EQ
EIHOTEL,919,NSE_EQ
EIMCOELECO,4040,NSE_EQ
EKC,13091,NSE_EQ
EKI,764668,NSE_EQ
ELANTAS,762653,NSE_EQ
ELCIDIN,762658,NSE_EQ
ELDEHSG,8953,NSE_EQ
ELECON,13643,NSE_EQ
ELECTCAST,928,NSE_EQ
ELECTHERM,4469,NSE_EQ
ELGIEQUIP,937,NSE_EQ
ELGIRUBCO,24924,NSE_EQ
ELIN,13423,NSE_EQ
ELITECON,762663,NSE_EQ
ELLEN,758563,NSE_EQ
ELPROINTL,4471,NSE_EQ
EMAMILTD,13517,NSE_EQ
EMAMIREAL,19277,NSE_EQ
EMBDL,14450,NSE_EQ
EMCURE,24398,NSE_EQ
EMIL,11530,NSE_EQ
EMKAY,13421,NSE_EQ
EMMVEE,759728,NSE_EQ
EMPIND,764673,NSE_EQ
EMPOWER,762670,NSE_EQ
EMSLIMITED,18593,NSE_EQ
EMUDHRA,9756,NSE_EQ
ENDURANCE,18822,NSE_EQ
ENERGYDEV,15049,NSE_EQ
ENGINERSIN,4907,NSE_EQ
ENIL,13192,NSE_EQ
ENKEIWHEL,764678,NSE_EQ
ENRIN,756871,NSE_EQ
ENTERO,22717,NSE_EQ
EPACK,22463,NSE_EQ
EPACKPEB,759251,NSE_EQ
EPIGRAL,5382,NSE_EQ
EPL,981,NSE_EQ
EQUITASBNK,913,NSE_EQ
ERIS,21154,NSE_EQ
ESABINDIA,955,NSE_EQ
ESCORTS,958,NSE_EQ
ESSARSHPNG,25634,NSE_EQ
ESSENTIA,30323,NSE_EQ
ESTER,24265,NSE_EQ
ETERNAL,5097,NSE_EQ
ETHOSLTD,9750,NSE_EQ
EUREKAFORB,25162,NSE_EQ
EUROBOND,757953,NSE_EQ
EUROPRATIK,759797,NSE_EQ
EVEREADY,11782,NSE_EQ
EXCELINDUS,11471,NSE_EQ
EXCELSOFT,760007,NSE_EQ
EXICOM,22947,NSE_EQ
EXIDEIND,676,NSE_EQ
EXPLEOSOL,17486,NSE_EQ
EXXARO,5352,NSE_EQ
FABTECH,760125,NSE_EQ
FACT,1008,NSE_EQ
FAZE3Q,12000,NSE_EQ
FCL,6198,NSE_EQ
FCSSOFT,11999,NSE_EQ
FDC,4898,NSE_EQ
FEDDERSHOL,762675,NSE_EQ
FEDERALBNK,1023,NSE_EQ
FEDFINA,20322,NSE_EQ
FERMENTA,762680,NSE_EQ
FIBERWEB,8159,NSE_EQ
FIEMIND,13710,NSE_EQ
FILATEX,24532,NSE_EQ
FILATFASH,23647,NSE_EQ
FINCABLES,1038,NSE_EQ
FINEORG,3744,NSE_EQ
FINKURVE,759239,NSE_EQ
FINOPB,6579,NSE_EQ
FINPIPE,1041,NSE_EQ
FIRSTCRY,24814,NSE_EQ
FISCHER,757658,NSE_EQ
FIVESTAR,12032,NSE_EQ
FLAIR,20372,NSE_EQ
FLUOROCHEM,13750,NSE_EQ
FMGOETZE,1190,NSE_EQ
FMNL,21017,NSE_EQ
FOODSIN,6673,NSE_EQ
FORCEMOT,11573,NSE_EQ
FORTIS,14592,NSE_EQ
FOSECOIND,1073,NSE_EQ
FRACTAL,760961,NSE_EQ
FREDUN,764683,NSE_EQ
FRONTSP,762685,NSE_EQ
FSL,14304,NSE_EQ
FUSION,11932,NSE_EQ
GABRIEL,1085,NSE_EQ
GAEL,8828,NSE_EQ
GAIL,4717,NSE_EQ
GAJA,765396,NSE_EQ
GALAPREC,25134,NSE_EQ
GALAXYSURF,1315,NSE_EQ
GALLANTT,13337,NSE_EQ
GANDHAR,20303,NSE_EQ
GANDHITUBE,14116,NSE_EQ
GANECOS,6944,NSE_EQ
GANESHCP,759012,NSE_EQ
GANESHHOU,14339,NSE_EQ
GANGAFORGE,4957,NSE_EQ
GANGESSECU,21399,NSE_EQ
GARFIBRES,1100,NSE_EQ
GARUDA,25800,NSE_EQ
GATEWAY,8510,NSE_EQ
GAYAHWS,3693,NSE_EQ
GCSL,758986,NSE_EQ
GEEKAYWIRE,17922,NSE_EQ
GEMAROMA,759461,NSE_EQ
GENCON,2188,NSE_EQ
GENESYS,10905,NSE_EQ
GENUSPAPER,6600,NSE_EQ
GENUSPOWER,11905,NSE_EQ
GEOJITFSL,11896,NSE_EQ
GESHIP,13776,NSE_EQ
GFLLIMITED,1289,NSE_EQ
GHCL,1127,NSE_EQ
GHCLTEXTIL,16696,NSE_EQ
GICHSGFIN,1139,NSE_EQ
GICRE,277,NSE_EQ
GILLANDERS,17839,NSE_EQ
GILLETTE,1576,NSE_EQ
GIPCL,1145,NSE_EQ
GKB,764688,NSE_EQ
GKENERGY,759048,NSE_EQ
GKSL,761197,NSE_EQ
GKWLIMITED,17357,NSE_EQ
GLAND,1186,NSE_EQ
GLAXO,1153,NSE_EQ
GLENMARK,7406,NSE_EQ
GLFL,1156,NSE_EQ
GLOBAL,1415,NSE_EQ
GLOBALE,24932,NSE_EQ
GLOBALVECT,13735,NSE_EQ
GLOBE,393,NSE_EQ
GLOBECIVIL,758572,NSE_EQ
GLOBUSSPR,17424,NSE_EQ
GLOSTERLTD,23590,NSE_EQ
GLOTTIS,760116,NSE_EQ
GMBREW,1168,NSE_EQ
GMDCLTD,5204,NSE_EQ
GMMPFAUDLR,1570,NSE_EQ
GMRAIRPORT,13528,NSE_EQ
GMRP&UI,8529,NSE_EQ
GNA,18571,NSE_EQ
GNFC,1174,NSE_EQ
GNRL,762690,NSE_EQ
GOACARBON,14687,NSE_EQ
GOCLCORP,3963,NSE_EQ
GOCOLORS,6964,NSE_EQ
GODAVARIB,25941,NSE_EQ
GODFRYPHLP,1181,NSE_EQ
GODIGIT,23799,NSE_EQ
GODREJAGRO,144,NSE_EQ
GODREJCP,10099,NSE_EQ
GODREJIND,10925,NSE_EQ
GODREJPROP,17875,NSE_EQ
GOKEX,11778,NSE_EQ
GOKUL,16705,NSE_EQ
GOKULAGRO,14480,NSE_EQ
GOLDIAM,11971,NSE_EQ
GOODLUCK,6125,NSE_EQ
GOODYEAR,1205,NSE_EQ
GOPAL,23066,NSE_EQ
GOYALALUM,11787,NSE_EQ
GPIL,13409,NSE_EQ
GPPL,19731,NSE_EQ
GPTHEALTH,22846,NSE_EQ
GPTINFRA,17685,NSE_EQ
GRANDOAK,762695,NSE_EQ
GRANULES,11872,NSE_EQ
GRAPHITE,592,NSE_EQ
GRASIM,1232,NSE_EQ
GRAUWEIL,5200,NSE_EQ
GRAVITA,20534,NSE_EQ
GREAVESCOT,1235,NSE_EQ
GREENLAM,6848,NSE_EQ
GREENPANEL,13810,NSE_EQ
GREENPLY,3987,NSE_EQ
GREENPOWER,20110,NSE_EQ
GRINDWELL,13560,NSE_EQ
GRINFRA,5054,NSE_EQ
GRMOVER,10871,NSE_EQ
GROBTEA,17770,NSE_EQ
GROWW,759806,NSE_EQ
GRPLTD,6543,NSE_EQ
GRSE,5475,NSE_EQ
GRWRHITECH,7982,NSE_EQ
GSFC,1247,NSE_EQ
GSLSU,14599,NSE_EQ
GSPCROP,762239,NSE_EQ
GSS,15347,NSE_EQ
GTL,1162,NSE_EQ
GTLINFRA,13745,NSE_EQ
GTPL,21195,NSE_EQ
GUFICBIO,11606,NSE_EQ
GUJALKALI,1267,NSE_EQ
GUJAPOLLO,14677,NSE_EQ
GUJENERGY,10599,NSE_EQ
GUJRAFFIA,4548,NSE_EQ
GUJTHEM,29731,NSE_EQ
GULFOILLUB,4391,NSE_EQ
GULPOLY,6286,NSE_EQ
GVPIL,7862,NSE_EQ
GVT&D,16783,NSE_EQ
GYFTR,764050,NSE_EQ
HAL,2303,NSE_EQ
HALDER,760715,NSE_EQ
HALEOSLABS,21551,NSE_EQ
HAMPTON,765075,NSE_EQ
HAPPSTMNDS,48,NSE_EQ
HAPPYFORGE,20854,NSE_EQ
HARDWYN,8962,NSE_EQ
HARIOMPIPE,8968,NSE_EQ
HARRMALAYA,1313,NSE_EQ
HARSHA,11162,NSE_EQ
HATHWAY,18154,NSE_EQ
HATSUN,3892,NSE_EQ
HAVELLS,9819,NSE_EQ
HAVISHA,7457,NSE_EQ
HAWKINCOOK,4444,NSE_EQ
HAZOOR,764693,NSE_EQ
HBESD,762712,NSE_EQ
HBLENGINE,13966,NSE_EQ
HBPOR,765080,NSE_EQ
HBSL,4116,NSE_EQ
HCC,1375,NSE_EQ
HCG,15555,NSE_EQ
HCL-INSYS,1327,NSE_EQ
HCLTECH,7229,NSE_EQ
HDBFS,757772,NSE_EQ
HDFCAMC,4244,NSE_EQ
HDFCBANK,1333,NSE_EQ
HDFCLIFE,467,NSE_EQ
HEADSUP,19205,NSE_EQ
HEALTHX,20063,NSE_EQ
HECPROJECT,7425,NSE_EQ
HEIDELBERG,2316,NSE_EQ
HEMIPROP,701,NSE_EQ
HERANBA,2614,NSE_EQ
HERITGFOOD,4598,NSE_EQ
HEROMOTOCO,1348,NSE_EQ
HESTERBIO,7048,NSE_EQ
HEXATRADEX,27008,NSE_EQ
HEXT,29666,NSE_EQ
HGINFRA,1672,NSE_EQ
HGM,13592,NSE_EQ
HGS,14712,NSE_EQ
HIKAL,9668,NSE_EQ
HILINFRA,759103,NSE_EQ
HILTON,14627,NSE_EQ
HIMATSEIDE,1360,NSE_EQ
HINDADH,764698,NSE_EQ
HINDALCO,1363,NSE_EQ
HINDALUMI,765085,NSE_EQ
HINDCOMPOS,1372,NSE_EQ
HINDCON,4920,NSE_EQ
HINDCOPPER,17939,NSE_EQ
HINDOILEXP,1403,NSE_EQ
HINDPETRO,1406,NSE_EQ
HINDUNILVR,1394,NSE_EQ
HINDWAREAP,15883,NSE_EQ
HINDZINC,1424,NSE_EQ
HIRECT,13890,NSE_EQ
HISARMETAL,19322,NSE_EQ
HITECH,2868,NSE_EQ
HLEGLAS,2289,NSE_EQ
HLVLTD,1448,NSE_EQ
HMAAGRO,17053,NSE_EQ
HNDFDS,12173,NSE_EQ
HOMEFIRST,2056,NSE_EQ
HONASA,19813,NSE_EQ
HONAUT,3417,NSE_EQ
HONDAPOWER,3138,NSE_EQ
HORIZONIND,765356,NSE_EQ
HPAL,7376,NSE_EQ
HPIL,11796,NSE_EQ
HPL,18679,NSE_EQ
HRYNSHP,764703,NSE_EQ
HSCL,14334,NSE_EQ
HTMEDIA,11979,NSE_EQ
HUBTOWN,14203,NSE_EQ
HUDCO,20825,NSE_EQ
HUHTAMAKI,2562,NSE_EQ
HYUNDAI,25844,NSE_EQ
IBULLSLTD,24999,NSE_EQ
ICEMAKE,489,NSE_EQ
ICICIAMC,760407,NSE_EQ
ICICIBANK,4963,NSE_EQ
ICICIGI,21770,NSE_EQ
ICICIPRULI,18652,NSE_EQ
ICIL,11987,NSE_EQ
ICRA,14523,NSE_EQ
IDBI,1476,NSE_EQ
IDEA,14366,NSE_EQ
IDEAFORGE,17140,NSE_EQ
IDFCFIRSTB,11184,NSE_EQ
IEX,220,NSE_EQ
IFBAGRO,1482,NSE_EQ
IFBIND,1485,NSE_EQ
IFCI,1491,NSE_EQ
IFGLEXPOR,436,NSE_EQ
IGARASHI,634,NSE_EQ
IGCL,757801,NSE_EQ
IGIL,28378,NSE_EQ
IGL,11262,NSE_EQ
IGPL,14086,NSE_EQ
IIFL,11809,NSE_EQ
IIFLCAPS,13072,NSE_EQ
IITL,19525,NSE_EQ
IKIO,16822,NSE_EQ
IKS,28125,NSE_EQ
IMAGICAA,7672,NSE_EQ
IMFA,19235,NSE_EQ
IMPAL,12009,NSE_EQ
INA,761099,NSE_EQ
INCREDIBLE,17507,NSE_EQ
INDBANK,16933,NSE_EQ
INDGN,23693,NSE_EQ
INDHOTEL,1512,NSE_EQ
INDIACEM,1515,NSE_EQ
INDIAGLYCO,1521,NSE_EQ
INDIAMART,10726,NSE_EQ
INDIANB,14309,NSE_EQ
INDIANCARD,4422,NSE_EQ
INDIANHUME,1530,NSE_EQ
INDIASHLTR,20556,NSE_EQ
INDIGO,11195,NSE_EQ
INDIGOPNTS,2048,NSE_EQ
INDIQUBE,757845,NSE_EQ
INDNIPPON,4747,NSE_EQ
INDOBORAX,8614,NSE_EQ
INDOCO,11677,NSE_EQ
INDOFARM,29025,NSE_EQ
INDOKEM,764708,NSE_EQ
INDOMIM,764301,NSE_EQ
INDORAMA,10993,NSE_EQ
INDOSTAR,3088,NSE_EQ
INDOTECH,13275,NSE_EQ
INDOTHAI,25608,NSE_EQ
INDOUS,25503,NSE_EQ
INDOWIND,14952,NSE_EQ
INDPRUD,762717,NSE_EQ
INDRAMEDCO,4751,NSE_EQ
INDSWFTLAB,4870,NSE_EQ
INDTERRAIN,21957,NSE_EQ
INDUSINDBK,5258,NSE_EQ
INDUSTOWER,29135,NSE_EQ
INFOBEAN,11027,NSE_EQ
INFOMEDIA,13693,NSE_EQ
INFY,1594,NSE_EQ
INGERRAND,1597,NSE_EQ
INNOVACAP,21062,NSE_EQ
INNOVANA,27754,NSE_EQ
INNOVISION,761528,NSE_EQ
INOXGREEN,12188,NSE_EQ
INOXINDIA,20607,NSE_EQ
INOXWIND,7852,NSE_EQ
INSECTICID,14657,NSE_EQ
INTELLECT,5926,NSE_EQ
INTENTECH,20071,NSE_EQ
INTERARCH,24909,NSE_EQ
INTLCONV,5606,NSE_EQ
INVENTURE,24870,NSE_EQ
IOB,9348,NSE_EQ
IOC,1624,NSE_EQ
IOLCP,20413,NSE_EQ
IONEXCHANG,1630,NSE_EQ
IPCALAB,1633,NSE_EQ
IPL,4934,NSE_EQ
IPRINGLTD,764713,NSE_EQ
IRB,15313,NSE_EQ
IRCON,4986,NSE_EQ
IRCTC,13611,NSE_EQ
IREDA,20261,NSE_EQ
IRFC,2029,NSE_EQ
IRIS,6489,NSE_EQ
IRISDOREME,2275,NSE_EQ
IRMENERGY,19597,NSE_EQ
ISFT,18479,NSE_EQ
ISGEC,3329,NSE_EQ
ISHANCH,30249,NSE_EQ
ISTLTD,764718,NSE_EQ
ITC,1660,NSE_EQ
ITCHOTELS,29251,NSE_EQ
ITDC,19299,NSE_EQ
ITI,1675,NSE_EQ
ITL,764723,NSE_EQ
IVALUE,759041,NSE_EQ
IVC,6711,NSE_EQ
IWP,762727,NSE_EQ
IXIGO,24067,NSE_EQ
IZMO,14174,NSE_EQ
J&KBANK,5633,NSE_EQ
JAGRAN,13211,NSE_EQ
JAGSNPHARM,4410,NSE_EQ
JAIBALAJI,11256,NSE_EQ
JAICORPLTD,5143,NSE_EQ
JAINREC,759244,NSE_EQ
JAIPURKURT,5516,NSE_EQ
JAMNAAUTO,20778,NSE_EQ
JARO,759951,NSE_EQ
JASH,13982,NSE_EQ
JAYAGROGN,4041,NSE_EQ
JAYBARMARU,1708,NSE_EQ
JAYKAY,760073,NSE_EQ
JAYNECOIND,2331,NSE_EQ
JAYSREETEA,1720,NSE_EQ
JBMA,11655,NSE_EQ
JENBURPH,764728,NSE_EQ
JETFREIGHT,7211,NSE_EQ
JGCHEM,23056,NSE_EQ
JHS,13720,NSE_EQ
JINDALPHOT,11743,NSE_EQ
JINDALPOLY,1756,NSE_EQ
JINDALSAW,3024,NSE_EQ
JINDALSTEL,6733,NSE_EQ
JINDRILL,13875,NSE_EQ
JINDWORLD,20642,NSE_EQ
JIOFIN,18143,NSE_EQ
JISLDVREQS,25684,NSE_EQ
JISLJALEQS,10397,NSE_EQ
JITFINFRA,19691,NSE_EQ
JKCEMENT,13270,NSE_EQ
JKIL,15266,NSE_EQ
JKIPL,759205,NSE_EQ
JKLAKSHMI,13491,NSE_EQ
JKPAPER,11860,NSE_EQ
JKTYRE,14435,NSE_EQ
JLHL,18553,NSE_EQ
JMA,7109,NSE_EQ
JMFINANCIL,13637,NSE_EQ
JNKINDIA,23621,NSE_EQ
JNPR,764408,NSE_EQ
JPOLYINVST,31507,NSE_EQ
JPPOWER,11763,NSE_EQ
JSFB,22663,NSE_EQ
JSL,11236,NSE_EQ
JSLL,758115,NSE_EQ
JSWCEMENT,758460,NSE_EQ
JSWDULUX,1467,NSE_EQ
JSWENERGY,17869,NSE_EQ
JSWHL,11880,NSE_EQ
JSWINFRA,19020,NSE_EQ
JSWSTEEL,11723,NSE_EQ
JTEKTINDIA,3237,NSE_EQ
JTLIND,7287,NSE_EQ
JUBLCPL,29590,NSE_EQ
JUBLFOOD,18096,NSE_EQ
JUBLINGREA,2783,NSE_EQ
JUBLPHARMA,3637,NSE_EQ
JUNIPER,22824,NSE_EQ
JUSTDIAL,29962,NSE_EQ
JWL,20224,NSE_EQ
JYOTHYLAB,15146,NSE_EQ
JYOTICNC,21334,NSE_EQ
JYOTIRES,764733,NSE_EQ
JYOTISTRUC,1802,NSE_EQ
KABRAEXTRU,1805,NSE_EQ
KAJARIACER,1808,NSE_EQ
KAKATCEM,1811,NSE_EQ
KALAMANDIR,18755,NSE_EQ
KALPATARU,758558,NSE_EQ
KALYANKJIL,2955,NSE_EQ
KAMAHOLD,762732,NSE_EQ
KAMANWALA,764738,NSE_EQ
KAMATHOTEL,1826,NSE_EQ
KAMOPAINTS,13814,NSE_EQ
KANANIIND,25786,NSE_EQ
KANCHI,762737,NSE_EQ
KANCOTEA,765090,NSE_EQ
KANPRPLA,1782,NSE_EQ
KANSAINER,1196,NSE_EQ
KAPSTON,18967,NSE_EQ
KARMAENG,24385,NSE_EQ
KARURVYSYA,1838,NSE_EQ
KAYNES,12092,NSE_EQ
KCP,1841,NSE_EQ
KDDL,14908,NSE_EQ
KEC,13260,NSE_EQ
KECL,18220,NSE_EQ
KEEPLEARN,778,NSE_EQ
KEI,13310,NSE_EQ
KELLTONTEC,13430,NSE_EQ
KENNAMET,11841,NSE_EQ
KERNEX,13121,NSE_EQ
KEYFINSERV,4157,NSE_EQ
KFINTECH,13359,NSE_EQ
KHAICHEM,896,NSE_EQ
KHAITANLTD,3912,NSE_EQ
KHANDSE,9641,NSE_EQ
KICL,21119,NSE_EQ
KIMS,4847,NSE_EQ
KINGFA,18944,NSE_EQ
KIOCL,19126,NSE_EQ
KIRANVYPAR,762742,NSE_EQ
KIRIINDUS,16639,NSE_EQ
KIRLFER,14466,NSE_EQ
KIRLOSBROS,18581,NSE_EQ
KIRLOSENG,20936,NSE_EQ
KIRLOSIND,19025,NSE_EQ
KIRLPNU,15180,NSE_EQ
KISSHT,763294,NSE_EQ
KITEX,28899,NSE_EQ
KJMCFIN,764743,NSE_EQ
KKCL,13381,NSE_EQ
KLBRENG-B,762747,NSE_EQ
KMCSHIL,764748,NSE_EQ
KMEW,27084,NSE_EQ
KMSUGAR,14667,NSE_EQ
KNACK,763839,NSE_EQ
KNAGRI,760923,NSE_EQ
KNRCON,15283,NSE_EQ
KOHINOOR,3009,NSE_EQ
KOKUYOCMLN,16827,NSE_EQ
KOLTEPATIL,15124,NSE_EQ
KOTAKBANK,1922,NSE_EQ
KOTHARIPET,4594,NSE_EQ
KOTHARIPRO,5528,NSE_EQ
KOTIC,762752,NSE_EQ
KOVAI,5192,NSE_EQ
KPEL,27079,NSE_EQ
KPIGREEN,5108,NSE_EQ
KPIL,1814,NSE_EQ
KPITTECH,9683,NSE_EQ
KPL,762757,NSE_EQ
KPRMILL,14912,NSE_EQ
KRBL,10577,NSE_EQ
KREBSBIO,1937,NSE_EQ
KRISHANA,12847,NSE_EQ
KRISHIVAL,756782,NSE_EQ
KRISHNADEF,761192,NSE_EQ
KRITI,6417,NSE_EQ
KRITIKA,9288,NSE_EQ
KRITINUT,11432,NSE_EQ
KRN,25643,NSE_EQ
KROSS,25252,NSE_EQ
KRSNAA,5359,NSE_EQ
KRYSTAL,23175,NSE_EQ
KSB,1949,NSE_EQ
KSCL,14972,NSE_EQ
KSE,764753,NSE_EQ
KSHINTL,760433,NSE_EQ
KSHITIJPOL,10407,NSE_EQ
KSL,18889,NSE_EQ
KSOLVES,11060,NSE_EQ
KTKBANK,8054,NSE_EQ
KUANTUM,13870,NSE_EQ
KUSUMGAR,764116,NSE_EQ
KWIL,760946,NSE_EQ
LAGNAM,5865,NSE_EQ
LAHOTIOV,762762,NSE_EQ
LAKSHMIMIL,764763,NSE_EQ
LAL,14924,NSE_EQ
LALITHAA,765361,NSE_EQ
LALPATHLAB,11654,NSE_EQ
LAMBODHARA,6407,NSE_EQ
LANCER,9392,NSE_EQ
LANDMARK,13276,NSE_EQ
LANDSMILL,17376,NSE_EQ
LAOPALA,14423,NSE_EQ
LASERPOWER,764126,NSE_EQ
LATENTVIEW,6818,NSE_EQ
LATTEYS,15840,NSE_EQ
LAURUSLABS,19234,NSE_EQ
LAXMICOT,6568,NSE_EQ
LAXMIDENTL,29171,NSE_EQ
LAXMIINDIA,758863,NSE_EQ
LCCINFOTEC,7529,NSE_EQ
LCL,764296,NSE_EQ
LEAPIND,764523,NSE_EQ
LEMERITE,760300,NSE_EQ
LEMONTREE,2606,NSE_EQ
LENSKART,759605,NSE_EQ
LEXUS,14459,NSE_EQ
LFIC,7902,NSE_EQ
LGBBROSLTD,18321,NSE_EQ
LGEINDIA,760213,NSE_EQ
LGHL,19876,NSE_EQ
LIBAS,11082,NSE_EQ
LIBERTSHOE,1994,NSE_EQ
LICHSGFIN,1997,NSE_EQ
LICI,9480,NSE_EQ
LIKHITHA,578,NSE_EQ
LINC,6951,NSE_EQ
LINCOLN,11596,NSE_EQ
LINDEINDIA,1627,NSE_EQ
LKPSEC,765100,NSE_EQ
LLOYDSENGG,17801,NSE_EQ
LLOYDSENT,25807,NSE_EQ
LLOYDSME,17313,NSE_EQ
LMW,1979,NSE_EQ
LODHA,3220,NSE_EQ
LORDSCHLO,18232,NSE_EQ
LOTUSCHO,764768,NSE_EQ
LOTUSEYE,16807,NSE_EQ
LOVABLE,22415,NSE_EQ
LOYALTEX,10590,NSE_EQ
LPDC,16863,NSE_EQ
LT,11483,NSE_EQ
LTF,24948,NSE_EQ
LTFOODS,13816,NSE_EQ
LTM,17818,NSE_EQ
LTTS,18564,NSE_EQ
LUMAXIND,2018,NSE_EQ
LUMAXTECH,14014,NSE_EQ
LUPIN,10440,NSE_EQ
LUXIND,11301,NSE_EQ
LXCHEM,2841,NSE_EQ
M&M,2031,NSE_EQ
M&MFIN,13285,NSE_EQ
MAANALU,15017,NSE_EQ
MACPOWER,22347,NSE_EQ
MADHAV,15151,NSE_EQ
MADHAVIPL,762767,NSE_EQ
MADRASFERT,4911,NSE_EQ
MAFATIND,762772,NSE_EQ
MAGADSUGAR,21392,NSE_EQ
MAGNUM,14957,NSE_EQ
MAHABANK,11377,NSE_EQ
MAHAPEXLTD,5239,NSE_EQ
MAHEPC,17603,NSE_EQ
MAHLIFE,8050,NSE_EQ
MAHLOG,385,NSE_EQ
MAHSCOOTER,2085,NSE_EQ
MAHSEAMLES,2088,NSE_EQ
MAITHANALL,24538,NSE_EQ
MAKERSL,764773,NSE_EQ
MALLCOM,7965,NSE_EQ
MALUPAPER,13352,NSE_EQ
MAMATA,28687,NSE_EQ
MANAKALUCO,7420,NSE_EQ
MANAKCOAT,7413,NSE_EQ
MANAKSIA,15199,NSE_EQ
MANALIPETC,13796,NSE_EQ
MANAPPURAM,19061,NSE_EQ
MANBA,25597,NSE_EQ
MANCREDIT,24823,NSE_EQ
MANGALAM,11817,NSE_EQ
MANGLMCEM,2106,NSE_EQ
MANINDS,11884,NSE_EQ
MANINFRA,18226,NSE_EQ
MANIPALHOS,764357,NSE_EQ
MANKIND,15380,NSE_EQ
MANOMAY,13753,NSE_EQ
MANORAMA,10227,NSE_EQ
MANORG,6422,NSE_EQ
MANYAVAR,8167,NSE_EQ
MAPMYINDIA,7227,NSE_EQ
MARALOVER,2112,NSE_EQ
MARATHON,18659,NSE_EQ
MARICO,4067,NSE_EQ
MARINE,1328,NSE_EQ
MARKOLINES,760204,NSE_EQ
MARKSANS,10579,NSE_EQ
MARSONS,761386,NSE_EQ
MARUTI,10999,NSE_EQ
MASFIN,199,NSE_EQ
MASKINVEST,18727,NSE_EQ
MASTEK,2124,NSE_EQ
MASTERTR,27047,NSE_EQ
MATRIMONY,21726,NSE_EQ
MAWANASUG,17022,NSE_EQ
MAXESTATES,19646,NSE_EQ
MAXHEALTH,22377,NSE_EQ
MAXIND,22428,NSE_EQ
MAYURUNIQ,28906,NSE_EQ
MAZDOCK,509,NSE_EQ
MBAPL,12686,NSE_EQ
MBEL,758150,NSE_EQ
MBLINFRA,18029,NSE_EQ
MCCHRLS-B,762782,NSE_EQ
MCL,22360,NSE_EQ
MCLEODRUSS,11943,NSE_EQ
MCLOUD,29482,NSE_EQ
MCX,31181,NSE_EQ
MEDANTA,11956,NSE_EQ
MEDIASSIST,21705,NSE_EQ
MEDICO,9667,NSE_EQ
MEDPLUS,7254,NSE_EQ
MEESHO,760229,NSE_EQ
MEGASTAR,8153,NSE_EQ
MEIL,758748,NSE_EQ
MERCANTILE,762792,NSE_EQ
MERCURYEV,763663,NSE_EQ
METROBRAND,7242,NSE_EQ
METROGLOBL,762797,NSE_EQ
METROPOLIS,9581,NSE_EQ
MFML,24937,NSE_EQ
MFSL,2142,NSE_EQ
MGL,17534,NSE_EQ
MHRIL,17333,NSE_EQ
MIDHANI,2463,NSE_EQ
MIDWESTLTD,759517,NSE_EQ
MIIL,764778,NSE_EQ
MILKYMIST,765272,NSE_EQ
MINDACORP,25897,NSE_EQ
MINDTECK,18049,NSE_EQ
MIRZAINT,4394,NSE_EQ
MITTAL,18562,NSE_EQ
MKEXIM,765120,NSE_EQ
MKPL,16736,NSE_EQ
MLKFOOD,765125,NSE_EQ
MMFL,13844,NSE_EQ
MMP,16395,NSE_EQ
MMTC,17957,NSE_EQ
MMWL,762802,NSE_EQ
MOBIKWIK,28046,NSE_EQ
MODIRUBBER,2229,NSE_EQ
MODIS,759752,NSE_EQ
MODTHREAD,2241,NSE_EQ
MOHITE,765130,NSE_EQ
MOHITIND,29423,NSE_EQ
MOIL,20830,NSE_EQ
MOKSH,3586,NSE_EQ
MOL,5394,NSE_EQ
MOLBIO,764548,NSE_EQ
MOLDTKPAC,6713,NSE_EQ
MONARCH,7679,NSE_EQ
MONEYBOXX,759381,NSE_EQ
MONTECARLO,5938,NSE_EQ
MOREPENLAB,2259,NSE_EQ
MOSCHIP,29459,NSE_EQ
MOTHERSON,4204,NSE_EQ
MOTILALOFS,14947,NSE_EQ
MOTISONS,20788,NSE_EQ
MPHASIS,4503,NSE_EQ
MPSLTD,10578,NSE_EQ
MRF,2277,NSE_EQ
MRPL,2283,NSE_EQ
MSL,764783,NSE_EQ
MSPL,11919,NSE_EQ
MSTCLTD,9356,NSE_EQ
MSUMI,8596,NSE_EQ
MTNL,2294,NSE_EQ
MUFIN,19783,NSE_EQ
MUFTI,20878,NSE_EQ
MUKANDLTD,11325,NSE_EQ
MUKESHB,764788,NSE_EQ
MUNJALAU,13511,NSE_EQ
MUNJALSHOW,2307,NSE_EQ
MURUDCERA,2313,NSE_EQ
MUTHOOTCAP,10415,NSE_EQ
MUTHOOTFIN,23650,NSE_EQ
MUTHOOTMF,20831,NSE_EQ
MVELECTRO,764397,NSE_EQ
MVGJL,19015,NSE_EQ
MWL,759169,NSE_EQ
NACLIND,20425,NSE_EQ
NAGREEKCAP,14942,NSE_EQ
NAGREEKEXP,14702,NSE_EQ
NAHARCAP,15360,NSE_EQ
NAHARINDUS,13106,NSE_EQ
NAHARPOLY,14445,NSE_EQ
NAHARSPING,14440,NSE_EQ
NAM-INDIA,357,NSE_EQ
NARMADA,11627,NSE_EQ
NATCOPHARM,3918,NSE_EQ
NATHBIOGEN,11065,NSE_EQ
NATIONALUM,6364,NSE_EQ
NATIONSTD,762807,NSE_EQ
NAUKRI,13751,NSE_EQ
NAVA,4014,NSE_EQ
NAVINFLUOR,14672,NSE_EQ
NAVKARCORP,10557,NSE_EQ
NAVNETEDUL,2385,NSE_EQ
NAZARA,2987,NSE_EQ
NBCC,31415,NSE_EQ
NBIFIN,19111,NSE_EQ
NCC,2319,NSE_EQ
NCLIND,14490,NSE_EQ
NDGL,18371,NSE_EQ
NDL,31258,NSE_EQ
NDLVENTURE,14547,NSE_EQ
NDRAUTO,22255,NSE_EQ
NDTV,11427,NSE_EQ
NEAGI,762812,NSE_EQ
NECLIFE,11927,NSE_EQ
NELCAST,14761,NSE_EQ
NELCO,2388,NSE_EQ
NEOGEN,9917,NSE_EQ
NEPHROPLUS,760346,NSE_EQ
NESCO,15409,NSE_EQ
NESTLEIND,17963,NSE_EQ
NETWEB,17433,NSE_EQ
NETWORK18,14111,NSE_EQ
NEULANDLAB,2406,NSE_EQ
NEWGEN,1164,NSE_EQ
NEXTMEDIA,9867,NSE_EQ
NFL,13925,NSE_EQ
NGIL,5401,NSE_EQ
NGLFINE,10277,NSE_EQ
NH,11840,NSE_EQ
NHPC,17400,NSE_EQ
NIACL,399,NSE_EQ
NIBE,29487,NSE_EQ
NIBL,29733,NSE_EQ
NICCOPAR,764793,NSE_EQ
NIITLTD,11522,NSE_EQ
NIITMTS,17747,NSE_EQ
NILAINFRA,9253,NSE_EQ
NILASPACES,7411,NSE_EQ
NILE,762817,NSE_EQ
NILKAMAL,2421,NSE_EQ
NIMBSPROJ,761720,NSE_EQ
NINSYS,14194,NSE_EQ
NIPPOBATRY,6782,NSE_EQ
NIRAJ,255,NSE_EQ
NIRLON,2433,NSE_EQ
NITCO,13300,NSE_EQ
NITINSPIN,13175,NSE_EQ
NITIRAJ,3247,NSE_EQ
NITTAGELA,762824,NSE_EQ
NIVABUPA,27097,NSE_EQ
NKIND,2439,NSE_EQ
NLCINDIA,8585,NSE_EQ
NMDC,15332,NSE_EQ
NOCIL,2442,NSE_EQ
NOIDATOLL,10786,NSE_EQ
NORBTEAEXP,4160,NSE_EQ
NORTHARC,25426,NSE_EQ
NOVARTIND,9007,NSE_EQ
NPST,756324,NSE_EQ
NRAIL,20314,NSE_EQ
NRBBEARING,7553,NSE_EQ
NSIL,11239,NSE_EQ
NSLNISP,14180,NSE_EQ
NTCIND,764798,NSE_EQ
NTPC,11630,NSE_EQ
NTPCGREEN,27176,NSE_EQ
NUCLEUS,10791,NSE_EQ
NUVAMA,18721,NSE_EQ
NUVOCO,5426,NSE_EQ
NYKAA,6545,NSE_EQ
OAL,10768,NSE_EQ
OBCL,8797,NSE_EQ
OBEROIRLTY,20242,NSE_EQ
ODIGMA,27571,NSE_EQ
ODYCORP,764803,NSE_EQ
OFSS,10738,NSE_EQ
OIL,17438,NSE_EQ
OLAELEC,24777,NSE_EQ
OLECTRA,10637,NSE_EQ
OMAXAUTO,10922,NSE_EQ
OMAXE,14853,NSE_EQ
OMINFRAL,24231,NSE_EQ
OMNI,760865,NSE_EQ
OMPOWER,762432,NSE_EQ
ONEGLOBAL,765242,NSE_EQ
ONEPOINT,9939,NSE_EQ
ONESOURCE,29224,NSE_EQ
ONGC,2475,NSE_EQ
ONIDA,2202,NSE_EQ
ONIXSOLAR,764808,NSE_EQ
ONWARDTEC,2481,NSE_EQ
OPTIEMUS,21469,NSE_EQ
OPTIFIN,764813,NSE_EQ
ORCHASP,29492,NSE_EQ
ORCHPHARMA,926,NSE_EQ
ORICONENT,10159,NSE_EQ
ORIENTALTL,14346,NSE_EQ
ORIENTBELL,14278,NSE_EQ
ORIENTCEM,30089,NSE_EQ
ORIENTCER,13111,NSE_EQ
ORIENTELEC,2972,NSE_EQ
ORIENTHOT,2493,NSE_EQ
ORIENTPPR,2496,NSE_EQ
ORIENTTECH,24961,NSE_EQ
ORIRAIL,764818,NSE_EQ
ORISSAMINE,19931,NSE_EQ
ORKLAINDIA,759569,NSE_EQ
ORTINGLOBE,2979,NSE_EQ
OSWALAGRO,2514,NSE_EQ
OSWALGREEN,471,NSE_EQ
OSWALPUMPS,756802,NSE_EQ
OSWALSEEDS,14305,NSE_EQ
PACEDIGITK,759342,NSE_EQ
PACIFICI,764823,NSE_EQ
PAGEIND,14413,NSE_EQ
PAISALO,25468,NSE_EQ
PAKKA,17197,NSE_EQ
PALASHSECU,21383,NSE_EQ
PANACEABIO,4055,NSE_EQ
PANAMAPET,25392,NSE_EQ
PANCHMAHQ,764828,NSE_EQ
PANORAMA,765140,NSE_EQ
PANSARI,6141,NSE_EQ
PARACABLES,13951,NSE_EQ
PARADEEP,9741,NSE_EQ
PARAGMILK,17130,NSE_EQ
PARAS,5911,NSE_EQ
PARASPETRO,3972,NSE_EQ
PARKHOSPS,760351,NSE_EQ
PARKHOTELS,22649,NSE_EQ
PARNAXLAB,764833,NSE_EQ
PASHUPATI,757955,NSE_EQ
PATANJALI,17029,NSE_EQ
PATELENG,11699,NSE_EQ
PATELRMART,759439,NSE_EQ
PAUSHAKLTD,759969,NSE_EQ
PAVNAIND,16192,NSE_EQ
PAYTM,6705,NSE_EQ
PBMPOLY,765145,NSE_EQ
PCBL,2649,NSE_EQ
PCJEWELLER,29124,NSE_EQ
PDMJEPAPER,15377,NSE_EQ
PDSL,5264,NSE_EQ
PEARLPOLY,2610,NSE_EQ
PENIND,20621,NSE_EQ
PERMAGN,764838,NSE_EQ
PERSISTENT,18365,NSE_EQ
PETRONET,11351,NSE_EQ
PFC,14299,NSE_EQ
PFIZER,2643,NSE_EQ
PFOCUS,13496,NSE_EQ
PFS,22602,NSE_EQ
PGEL,25358,NSE_EQ
PGHH,2535,NSE_EQ
PGHL,940,NSE_EQ
PGIL,14260,NSE_EQ
PHOENIXLTD,14552,NSE_EQ
PHOENXINTL,2658,NSE_EQ
PICCADIL,757754,NSE_EQ
PIDILITIND,2664,NSE_EQ
PIGL,15716,NSE_EQ
PIIND,24184,NSE_EQ
PILANIINVS,11445,NSE_EQ
PILITA,30835,NSE_EQ
PINELABS,759820,NSE_EQ
PIONEEREMB,13463,NSE_EQ
PIRAMALFIN,759551,NSE_EQ
PITTIENG,14134,NSE_EQ
PIXTRANS,9087,NSE_EQ
PLASTIBLEN,13920,NSE_EQ
PLATIND,22930,NSE_EQ
PLAZACABLE,19458,NSE_EQ
PML,762834,NSE_EQ
PNB,10666,NSE_EQ
PNBGILTS,8736,NSE_EQ
PNBHOUSING,18908,NSE_EQ
PNC,9342,NSE_EQ
PNCINFRA,9385,NSE_EQ
PNGJL,25312,NSE_EQ
PNGSREVA,760242,NSE_EQ
POCL,14385,NSE_EQ
PODDARMENT,19036,NSE_EQ
POEL,764845,NSE_EQ
POKARNA,17651,NSE_EQ
POLICYBZR,6656,NSE_EQ
POLYCAB,9590,NSE_EQ
POLYMED,25718,NSE_EQ
POLYPLEX,2687,NSE_EQ
POLYSPIN,765150,NSE_EQ
PONNIERODE,10661,NSE_EQ
POONAWALLA,11403,NSE_EQ
POWERGRID,14977,NSE_EQ
POWERICA,761680,NSE_EQ
POWERINDIA,18457,NSE_EQ
POWERMECH,10473,NSE_EQ
PPLPHARMA,11571,NSE_EQ
PRABHA,30134,NSE_EQ
PRAENG,13941,NSE_EQ
PRAJIND,2705,NSE_EQ
PRAKASH,2708,NSE_EQ
PRAKASHSTL,19599,NSE_EQ
PRAVEG,762844,NSE_EQ
PRAXIS,1204,NSE_EQ
PRECAM,12603,NSE_EQ
PRECOT,2711,NSE_EQ
PRECWIRE,2717,NSE_EQ
PREMCO,762849,NSE_EQ
PREMEXPLN,17397,NSE_EQ
PREMIERENE,25049,NSE_EQ
PREMIERPOL,3908,NSE_EQ
PRESTIGE,20302,NSE_EQ
PRICOLLTD,19631,NSE_EQ
PRIMESECU,11864,NSE_EQ
PRIMO,756925,NSE_EQ
PRINCEPIPE,16045,NSE_EQ
PRISMX,765155,NSE_EQ
PRIVISCL,8825,NSE_EQ
PROSTARM,758173,NSE_EQ
PROTEAN,29472,NSE_EQ
PROZONER,28859,NSE_EQ
PRSMJOHNSN,2739,NSE_EQ
PRUDENT,9553,NSE_EQ
PSB,21001,NSE_EQ
PSPPROJECT,20877,NSE_EQ
PTC,11355,NSE_EQ
PTCIL,16682,NSE_EQ
PTL,14101,NSE_EQ
PUNJABCHEM,4344,NSE_EQ
PURVA,14922,NSE_EQ
PVP,4010,NSE_EQ
PVRINOX,13147,NSE_EQ
PVSL,23142,NSE_EQ
PWL,759723,NSE_EQ
PYRAMID,18250,NSE_EQ
QPOWER,29711,NSE_EQ
QUADFUTURE,29087,NSE_EQ
QUESS,17704,NSE_EQ
QUINT,762854,NSE_EQ
RACE,15391,NSE_EQ
RACLGEAR,27171,NSE_EQ
RADAAN,10932,NSE_EQ
RADIANTCMS,13580,NSE_EQ
RADICO,10990,NSE_EQ
RADIOCITY,19877,NSE_EQ
RAILTEL,2431,NSE_EQ
RAIN,15337,NSE_EQ
RAINBOW,9408,NSE_EQ
RAJMET,2168,NSE_EQ
RAJPALAYAM,762859,NSE_EQ
RAJRATAN,18962,NSE_EQ
RAJSREESUG,2809,NSE_EQ
RAJTV,14403,NSE_EQ
RALLIS,2816,NSE_EQ
RAMANEWS,13565,NSE_EQ
RAMAPHO,10568,NSE_EQ
RAMBHAJO,762227,NSE_EQ
RAMCOCEM,2043,NSE_EQ
RAMCOIND,4587,NSE_EQ
RAMCOSYS,7851,NSE_EQ
RAMKY,20134,NSE_EQ
RAMRAT,10485,NSE_EQ
RANASUG,2837,NSE_EQ
RANEHOLDIN,2844,NSE_EQ
RATEGAIN,7177,NSE_EQ
RATNAMANI,13451,NSE_EQ
RATNAVEER,18423,NSE_EQ
RAYMOND,2859,NSE_EQ
RAYMONDLSL,25073,NSE_EQ
RAYMONDREL,758551,NSE_EQ
RBA,1494,NSE_EQ
RBLBANK,18391,NSE_EQ
RCF,2866,NSE_EQ
RECLTD,15355,NSE_EQ
REDINGTON,14255,NSE_EQ
REDTAPE,17859,NSE_EQ
REFEX,17764,NSE_EQ
REGAAL,758680,NSE_EQ
REGENCERAM,4130,NSE_EQ
RELAXO,24225,NSE_EQ
RELCHEMQ,9652,NSE_EQ
RELIABLE,24378,NSE_EQ
RELIANCE,2885,NSE_EQ
RELIGARE,15068,NSE_EQ
RELTD,24596,NSE_EQ
REMSONSIND,3965,NSE_EQ
RENUKA,12026,NSE_EQ
REPCOHOME,29598,NSE_EQ
REPRO,13126,NSE_EQ
RESPONIND,20323,NSE_EQ
RETAIL,24145,NSE_EQ
RGL,15129,NSE_EQ
RHETAN,759062,NSE_EQ
RHIM,31163,NSE_EQ
RHL,15157,NSE_EQ
RICOAUTO,2909,NSE_EQ
RIIL,2912,NSE_EQ
RIR,764121,NSE_EQ
RISHABH,18417,NSE_EQ
RITCO,8944,NSE_EQ
RITES,3761,NSE_EQ
RKDL,20950,NSE_EQ
RKEC,1547,NSE_EQ
RKFORGE,11411,NSE_EQ
RKSWAMY,23043,NSE_EQ
RMC,762346,NSE_EQ
RML,11975,NSE_EQ
ROHLTD,13182,NSE_EQ
ROLEXRINGS,5279,NSE_EQ
ROML,359,NSE_EQ
ROSSARI,19410,NSE_EQ
ROSSELLIND,28913,NSE_EQ
ROSSTECH,27353,NSE_EQ
ROTO,9049,NSE_EQ
ROUTE,128,NSE_EQ
RPEL,24735,NSE_EQ
RPGLIFE,16725,NSE_EQ
RPOWER,15259,NSE_EQ
RPPINFRA,20760,NSE_EQ
RPSGVENT,8119,NSE_EQ
RPTECH,22670,NSE_EQ
RRECL,764850,NSE_EQ
RRIL,762864,NSE_EQ
RRKABEL,18566,NSE_EQ
RSL,761439,NSE_EQ
RSSOFTWARE,6429,NSE_EQ
RSYSTEMS,13414,NSE_EQ
RTNINDIA,27297,NSE_EQ
RTNPOWER,17520,NSE_EQ
RTSPOWR,764855,NSE_EQ
RUBFILA,24730,NSE_EQ
RUBICON,759316,NSE_EQ
RUCHINFRA,4566,NSE_EQ
RUCHIRA,13821,NSE_EQ
RUDRA,760392,NSE_EQ
RUPA,25724,NSE_EQ
RUSHIL,24595,NSE_EQ
RUSTOMJEE,12219,NSE_EQ
RVHL,1565,NSE_EQ
RVNL,9552,NSE_EQ
RVTH,25157,NSE_EQ
S&SPOWER,2951,NSE_EQ
SAATVIKGL,759057,NSE_EQ
SAB,764860,NSE_EQ
SADBHAV,13236,NSE_EQ
SAFARI,13035,NSE_EQ
SAGARDEEP,8175,NSE_EQ
SAGCEM,14068,NSE_EQ
SAGILITY,27052,NSE_EQ
SAHLIBHFI,761688,NSE_EQ
SAHYADRI,14900,NSE_EQ
SAICAPI,764865,NSE_EQ
SAIL,2963,NSE_EQ
SAILIFE,27839,NSE_EQ
SAIPARENT,761675,NSE_EQ
SAKAR,9539,NSE_EQ
SAKHTISUG,2969,NSE_EQ
SAKSOFT,11794,NSE_EQ
SAKUMA,13251,NSE_EQ
SALASAR,21362,NSE_EQ
SALONA,17351,NSE_EQ
SALSTEEL,11634,NSE_EQ
SALZERELEC,11399,NSE_EQ
SAMBANDAM,764870,NSE_EQ
SAMBHAAV,4127,NSE_EQ
SAMBHV,757767,NSE_EQ
SAMHI,18614,NSE_EQ
SAMMAANCAP,30125,NSE_EQ
SAMPANN,27303,NSE_EQ
SANATHAN,28805,NSE_EQ
SANDESH,2988,NSE_EQ
SANDHAR,2397,NSE_EQ
SANDUMA,18359,NSE_EQ
SANGAMIND,4184,NSE_EQ
SANGHVIMOV,14058,NSE_EQ
SANOFI,1442,NSE_EQ
SANOFICONR,25222,NSE_EQ
SANSERA,5751,NSE_EQ
SANSTAR,24582,NSE_EQ
SAPPHIRE,6718,NSE_EQ
SAPPL,762874,NSE_EQ
SARDAEN,17758,NSE_EQ
SAREGAMA,4892,NSE_EQ
SARLAPOLY,14043,NSE_EQ
SARVESHWAR,12913,NSE_EQ
SASKEN,11983,NSE_EQ
SATIA,11045,NSE_EQ
SATIN,10453,NSE_EQ
SAURASHCEM,3018,NSE_EQ
SAYAJIHOTL,762879,NSE_EQ
SAYAJIIND,764875,NSE_EQ
SBC,6792,NSE_EQ
SBCL,4656,NSE_EQ
SBFC,18026,NSE_EQ
SBGLP,14139,NSE_EQ
SBICARD,17971,NSE_EQ
SBIFUNDS,764173,NSE_EQ
SBILIFE,21808,NSE_EQ
SBIN,3045,NSE_EQ
SCHAEFFLER,1011,NSE_EQ
SCHAND,20698,NSE_EQ
SCHNEIDER,31234,NSE_EQ
SCI,3048,NSE_EQ
SCILAL,23127,NSE_EQ
SCODATUBES,757478,NSE_EQ
SDBL,1338,NSE_EQ
SEAMECLTD,2616,NSE_EQ
SECMARK,19496,NSE_EQ
SECURKLOUD,11058,NSE_EQ
SEDEMAC,761153,NSE_EQ
SEIL,762889,NSE_EQ
SEJALLTD,7091,NSE_EQ
SEKURITIND,764880,NSE_EQ
SEMAC,11961,NSE_EQ
SENCO,17271,NSE_EQ
SENORES,28888,NSE_EQ
SEPC,15308,NSE_EQ
SERVOTECH,5507,NSE_EQ
SESHAPAPER,3066,NSE_EQ
SETL,29075,NSE_EQ
SFL,19184,NSE_EQ
SGFIN,758853,NSE_EQ
SGIL,5114,NSE_EQ
SGL,13367,NSE_EQ
SGLRES,765247,NSE_EQ
SGMART,758889,NSE_EQ
SGRL,764885,NSE_EQ
SHADOWFAX,761469,NSE_EQ
SHAH,20296,NSE_EQ
SHAILY,8727,NSE_EQ
SHAKTIPUMP,25574,NSE_EQ
SHALBY,714,NSE_EQ
SHANKARA,20321,NSE_EQ
SHANKESH,765382,NSE_EQ
SHANTI,5650,NSE_EQ
SHANTIGEAR,3078,NSE_EQ
SHANTIGOLD,758002,NSE_EQ
SHARDACROP,4992,NSE_EQ
SHARDAMOTR,10530,NSE_EQ
SHAREINDIA,104,NSE_EQ
SHBAJRG,762899,NSE_EQ
SHERVANI,764890,NSE_EQ
SHILCTECH,759847,NSE_EQ
SHILGRAVQ,764895,NSE_EQ
SHILPAMED,17752,NSE_EQ
SHINDL,762904,NSE_EQ
SHIPROCKET,765282,NSE_EQ
SHIVAAGRO,764900,NSE_EQ
SHIVACEM,765160,NSE_EQ
SHIVAMILLS,1497,NSE_EQ
SHIVATEX,804,NSE_EQ
SHIVAUM,759747,NSE_EQ
SHK,11212,NSE_EQ
SHOPERSTOP,11813,NSE_EQ
SHRADDHA,764905,NSE_EQ
SHRADHA,708,NSE_EQ
SHREDIGCEM,3099,NSE_EQ
SHREECEM,3103,NSE_EQ
SHREEJISPG,759448,NSE_EQ
SHREEPUSHK,10588,NSE_EQ
SHREERAMA,7627,NSE_EQ
SHREYANIND,3126,NSE_EQ
SHRIKRISH,762909,NSE_EQ
SHRINGARMS,759093,NSE_EQ
SHRIPISTON,17186,NSE_EQ
SHRIRAMFIN,4306,NSE_EQ
SHRIRAMPPS,7200,NSE_EQ
SHRJAGP,764910,NSE_EQ
SHUKRAPHAR,764537,NSE_EQ
SHYAMMETL,4693,NSE_EQ
SHYAMTEL,13740,NSE_EQ
SICAGEN,16875,NSE_EQ
SIEL,3147,NSE_EQ
SIEMENS,3150,NSE_EQ
SIGACHI,6663,NSE_EQ
SIGMA,16658,NSE_EQ
SIGNATURE,18743,NSE_EQ
SIGNPOST,22656,NSE_EQ
SIKA,762914,NSE_EQ
SIL,11297,NSE_EQ
SILGO,2492,NSE_EQ
SILINV,4105,NSE_EQ
SILVERTUC,9422,NSE_EQ
SIMPLEXINF,3162,NSE_EQ
SIMPLXREA,764915,NSE_EQ
SINCLAIR,23480,NSE_EQ
SINDHUTRAD,16859,NSE_EQ
SINGERIND,761420,NSE_EQ
SINTERCOM,381,NSE_EQ
SIRCA,11050,NSE_EQ
SIS,21501,NSE_EQ
SIYSIL,14096,NSE_EQ
SJS,6643,NSE_EQ
SJVN,18883,NSE_EQ
SKFINDIA,3186,NSE_EQ
SKFINDUS,760101,NSE_EQ
SKIPPER,9428,NSE_EQ
SKMEGGPROD,4732,NSE_EQ
SKYGOLD,13631,NSE_EQ
SMARTWORKS,757965,NSE_EQ
SMCGLOBAL,2320,NSE_EQ
SMLMAH,3387,NSE_EQ
SMLT,6843,NSE_EQ
SMSPHARMA,14329,NSE_EQ
SNOWMAN,4843,NSE_EQ
SOBHA,13826,NSE_EQ
SOFTTECH,8266,NSE_EQ
SOLARA,3672,NSE_EQ
SOLARINDS,13332,NSE_EQ
SOLARWORLD,759929,NSE_EQ
SOLEX,759397,NSE_EQ
SOMANYCERA,3880,NSE_EQ
SOMATEX,4201,NSE_EQ
SOMICONVEY,17794,NSE_EQ
SONACOMS,4684,NSE_EQ
SONAL,762919,NSE_EQ
SONATSOFTW,6596,NSE_EQ
SOTL,3021,NSE_EQ
SOUTHBANK,5948,NSE_EQ
SOUTHWEST,9678,NSE_EQ
SPAL,18252,NSE_EQ
SPANDANA,11435,NSE_EQ
SPARC,14788,NSE_EQ
SPCENET,19372,NSE_EQ
SPENCERS,8163,NSE_EQ
SPIC,3252,NSE_EQ
SPLIL,11935,NSE_EQ
SPLPETRO,9617,NSE_EQ
SPMLINFRA,3321,NSE_EQ
SPORTKING,10733,NSE_EQ
SRD,25737,NSE_EQ
SRF,3273,NSE_EQ
SRGHFL,18119,NSE_EQ
SRHHYPOLTD,14582,NSE_EQ
SRM,23402,NSE_EQ
SRTL,760188,NSE_EQ
SSDL,24856,NSE_EQ
SSWL,11829,NSE_EQ
STANLEY,24226,NSE_EQ
STAR,7374,NSE_EQ
STARCEMENT,21091,NSE_EQ
STARHEALTH,7083,NSE_EQ
STARPAPER,3291,NSE_EQ
STARTECK,9305,NSE_EQ
STCINDIA,10948,NSE_EQ
STEELCAS,6803,NSE_EQ
STEELCITY,10406,NSE_EQ
STEELXIND,21339,NSE_EQ
STEL,21484,NSE_EQ
STLNETWORK,758958,NSE_EQ
STLSTRINF,765170,NSE_EQ
STOVEKRAFT,2107,NSE_EQ
STUDDS,759587,NSE_EQ
STYL,759934,NSE_EQ
STYLAMIND,5186,NSE_EQ
STYLEBAAZA,25114,NSE_EQ
STYRENIX,19,NSE_EQ
SUBEXLTD,967,NSE_EQ
SUBROS,3324,NSE_EQ
SUDARCOLOR,715,NSE_EQ
SUDARSCHEM,3327,NSE_EQ
SUDEEPPHRM,760039,NSE_EQ
SUKHJITS,11804,NSE_EQ
SULA,13218,NSE_EQ
SUMEDHA,765175,NSE_EQ
SUMEETINDS,20790,NSE_EQ
SUMICHEM,17105,NSE_EQ
SUMIT,11140,NSE_EQ
SUMMITSEC,21275,NSE_EQ
SUNCLAY,20956,NSE_EQ
SUNDARAM,18931,NSE_EQ
SUNDARMFIN,3339,NSE_EQ
SUNDRMFAST,3345,NSE_EQ
SUNDROP,1663,NSE_EQ
SUNFLAG,3348,NSE_EQ
SUNLOC,765180,NSE_EQ
SUNPHARMA,3351,NSE_EQ
SUNRAKSHAK,764925,NSE_EQ
SUNSHIEL,764930,NSE_EQ
SUNSHINE,765387,NSE_EQ
SUNTECK,17641,NSE_EQ
SUNTV,13404,NSE_EQ
SUPERHOUSE,20616,NSE_EQ
SUPRAJIT,11689,NSE_EQ
SUPREME,29439,NSE_EQ
SUPREMEIND,3363,NSE_EQ
SUPREMEINF,15002,NSE_EQ
SUPRIYA,7390,NSE_EQ
SURAJEST,20822,NSE_EQ
SURAJLTD,24966,NSE_EQ
SURAKSHA,27334,NSE_EQ
SURANASOL,21077,NSE_EQ
SURANAT&P,10700,NSE_EQ
SURYALA,762924,NSE_EQ
SURYALAXMI,11852,NSE_EQ
SURYAROSNI,3375,NSE_EQ
SURYODAY,2970,NSE_EQ
SUVEN,11233,NSE_EQ
SUVIDHAA,2998,NSE_EQ
SUYOG,24851,NSE_EQ
SUZLON,12018,NSE_EQ
SVGLOBAL,764940,NSE_EQ
SVPGLOB,5020,NSE_EQ
SWANCORP,27095,NSE_EQ
SWARAJENG,3384,NSE_EQ
SWARNSAR,765185,NSE_EQ
SWELECTES,11909,NSE_EQ
SWIGGY,27066,NSE_EQ
SWSOLAR,12489,NSE_EQ
SYMPHONY,24190,NSE_EQ
SYNCOMF,11992,NSE_EQ
SYNGENE,10243,NSE_EQ
SYRMA,10793,NSE_EQ
TAALTECH,762929,NSE_EQ
TAINWALCHM,3396,NSE_EQ
TAJGVK,9354,NSE_EQ
TAKE,14917,NSE_EQ
TALBROAUTO,13648,NSE_EQ
TANAA,764945,NSE_EQ
TANLA,13976,NSE_EQ
TARACHAND,23512,NSE_EQ
TARAPUR,18827,NSE_EQ
TARC,1581,NSE_EQ
TARIL,15174,NSE_EQ
TARMAT,14771,NSE_EQ
TARSONS,6943,NSE_EQ
TASTYBITE,20092,NSE_EQ
TATACAP,759265,NSE_EQ
TATACHEM,3405,NSE_EQ
TATACOMM,3721,NSE_EQ
TATACONSUM,3432,NSE_EQ
TATAELXSI,3411,NSE_EQ
TATAINVEST,1621,NSE_EQ
TATAPOWER,3426,NSE_EQ
TATASTEEL,3499,NSE_EQ
TATATECH,20293,NSE_EQ
TATVA,5162,NSE_EQ
TBOTEK,23740,NSE_EQ
TBZ,27037,NSE_EQ
TCC,761814,NSE_EQ
TCI,10580,NSE_EQ
TCIEXP,19223,NSE_EQ
TCPLPACK,184,NSE_EQ
TCS,11536,NSE_EQ
TDPOWERSYS,25178,NSE_EQ
TEAMGTY,10717,NSE_EQ
TEAMLEASE,12716,NSE_EQ
TECHM,13538,NSE_EQ
TECHNOCRAF,764532,NSE_EQ
TECHNOE,6445,NSE_EQ
TECHNVISN,762939,NSE_EQ
TECILCHEM,3453,NSE_EQ
TEGA,7105,NSE_EQ
TEJASNET,21131,NSE_EQ
TEMBO,3275,NSE_EQ
TEMPSENS,765426,NSE_EQ
TENNIND,759880,NSE_EQ
TERAI,764950,NSE_EQ
TERASOFT,19292,NSE_EQ
TEXINFRA,11549,NSE_EQ
TEXMOPIPES,18214,NSE_EQ
TEXRAIL,21828,NSE_EQ
TFCILTD,3466,NSE_EQ
TFL,14319,NSE_EQ
TGBHOTELS,14607,NSE_EQ
TGVSL,764955,NSE_EQ
THAKDEV,762949,NSE_EQ
THANGAMAYL,18118,NSE_EQ
THEINVEST,21427,NSE_EQ
THEJO,19279,NSE_EQ
THELEELA,757014,NSE_EQ
THEMISMED,14485,NSE_EQ
THERMAX,3475,NSE_EQ
THOMASCOOK,3481,NSE_EQ
THOMASCOTT,31017,NSE_EQ
THYROCARE,17032,NSE_EQ
TI,19196,NSE_EQ
TIGERLOGS,759176,NSE_EQ
TIIL,14223,NSE_EQ
TIINDIA,312,NSE_EQ
TIMETECHNO,14707,NSE_EQ
TIMEX,762954,NSE_EQ
TIMKEN,14198,NSE_EQ
TINNARUBR,756020,NSE_EQ
TIPSFILMS,11374,NSE_EQ
TIPSMUSIC,9117,NSE_EQ
TIRUMALCHM,3496,NSE_EQ
TITAGARH,15414,NSE_EQ
TITAN,3506,NSE_EQ
TMB,10945,NSE_EQ
TMCV,759782,NSE_EQ
TMPV,3456,NSE_EQ
TNPETRO,3509,NSE_EQ
TNPL,3980,NSE_EQ
TNTELE,3512,NSE_EQ
TOKYOPLAST,3837,NSE_EQ
TOLINS,25262,NSE_EQ
TORNTPHARM,3518,NSE_EQ
TORNTPOWER,13786,NSE_EQ
TOUCHWOOD,16908,NSE_EQ
TOYAMSL,765195,NSE_EQ
TPLPLASTEH,9219,NSE_EQ
TRACXN,11582,NSE_EQ
TRANSCOR,765200,NSE_EQ
TRANSRAILL,28714,NSE_EQ
TRAVELFOOD,757545,NSE_EQ
TREEHOUSE,25082,NSE_EQ
TREJHARA,7518,NSE_EQ
TREL,17795,NSE_EQ
TRENT,1964,NSE_EQ
TRF,17987,NSE_EQ
TRIDENT,9685,NSE_EQ
TRIGYN,5428,NSE_EQ
TRITONV,764960,NSE_EQ
TRITURBINE,25584,NSE_EQ
TRIVENI,13081,NSE_EQ
TRU,9378,NSE_EQ
TRUALT,759210,NSE_EQ
TSFINV,2183,NSE_EQ
TTKHLTCARE,11369,NSE_EQ
TTKPRESTIG,3546,NSE_EQ
TTL,14314,NSE_EQ
TTML,8954,NSE_EQ
TURTLEMINT,756090,NSE_EQ
TUTIALKA,765205,NSE_EQ
TVSELECT,11265,NSE_EQ
TVSHLTD,29008,NSE_EQ
TVSMOTOR,8479,NSE_EQ
TVSSCS,18151,NSE_EQ
TVSSRICHAK,14245,NSE_EQ
TVTODAY,11275,NSE_EQ
UBL,16713,NSE_EQ
UCOBANK,11223,NSE_EQ
UDAYJEW,764965,NSE_EQ
UDS,19113,NSE_EQ
UEL,23507,NSE_EQ
UFLEX,1053,NSE_EQ
UFO,9039,NSE_EQ
UGARSUGAR,19578,NSE_EQ
UGROCAP,5313,NSE_EQ
UJJIVANSFB,15228,NSE_EQ
ULTRACEMCO,11532,NSE_EQ
ULTRAMAR,762961,NSE_EQ
UMESLTD,19142,NSE_EQ
UMIYA-MRO,8998,NSE_EQ
UNICHEMLAB,3579,NSE_EQ
UNIECOM,24809,NSE_EQ
UNIENTER,11293,NSE_EQ
UNIINFO,7791,NSE_EQ
UNIMECH,28960,NSE_EQ
UNIONBANK,10753,NSE_EQ
UNIPARTS,13057,NSE_EQ
UNITDSPR,10447,NSE_EQ
UNITECH,3594,NSE_EQ
UNITEDPOLY,7560,NSE_EQ
UNITEDTEA,17999,NSE_EQ
UNIVCABLES,3607,NSE_EQ
UNOMINDA,14154,NSE_EQ
UPHOT,764970,NSE_EQ
UPL,11287,NSE_EQ
URBANCO,759084,NSE_EQ
URJA,20203,NSE_EQ
USHAMART,8840,NSE_EQ
USK,14871,NSE_EQ
UTIAMC,527,NSE_EQ
UTKARSHBNK,17358,NSE_EQ
UTLSOLAR,759876,NSE_EQ
UTTAMSUGAR,13376,NSE_EQ
V2RETAIL,14766,NSE_EQ
VADILALIND,24196,NSE_EQ
VADILENT,764975,NSE_EQ
VAIBHAVGBL,11364,NSE_EQ
VAISHALI,16589,NSE_EQ
VAKRANGEE,13342,NSE_EQ
VAML,750174,NSE_EQ
VARDMNPOLY,3646,NSE_EQ
VARROC,3857,NSE_EQ
VASCONEQ,18110,NSE_EQ
VASUPRADA,765210,NSE_EQ
VASWANI,25340,NSE_EQ
VBL,18921,NSE_EQ
VEDAVAAG,764980,NSE_EQ
VEDL,3063,NSE_EQ
VEDPOWER,750518,NSE_EQ
VEEDOL,14019,NSE_EQ
VENKEYS,3757,NSE_EQ
VENTIVE,28847,NSE_EQ
VENUSPIPES,9592,NSE_EQ
VERANDA,8890,NSE_EQ
VESUVIUS,3676,NSE_EQ
VGCL,765252,NSE_EQ
VGL,13771,NSE_EQ
VGUARD,15362,NSE_EQ
VHL,11892,NSE_EQ
VIDHIING,13536,NSE_EQ
VIDYAWIRES,760224,NSE_EQ
VIJAYA,5585,NSE_EQ
VIJSOLX,764985,NSE_EQ
VIKASECO,25756,NSE_EQ
VIKASLIFE,9931,NSE_EQ
VIKRAMSOLR,759453,NSE_EQ
VIKRAN,758973,NSE_EQ
VIMTALABS,13101,NSE_EQ
VINATIORGA,17364,NSE_EQ
VINCOFE,25835,NSE_EQ
VINDHYATEL,3694,NSE_EQ
VINEETLAB,3807,NSE_EQ
VINNY,12490,NSE_EQ
VINYLINDIA,16821,NSE_EQ
VIPCLOTHNG,14843,NSE_EQ
VIPIND,3703,NSE_EQ
VIRAT,764990,NSE_EQ
VIRINCHI,15295,NSE_EQ
VISACHROME,13295,NSE_EQ
VISAKAIND,4221,NSE_EQ
VISHAL,11773,NSE_EQ
VISHNU,6908,NSE_EQ
VISHWARAJ,13702,NSE_EQ
VISL,750290,NSE_EQ
VIVIDHA,29877,NSE_EQ
VIVOBIOT,764995,NSE_EQ
VIYASH,14296,NSE_EQ
VLSFINANCE,3715,NSE_EQ
VMART,29284,NSE_EQ
VMM,27969,NSE_EQ
VMSTMT,759152,NSE_EQ
VOEPL,761916,NSE_EQ
VOGL,750368,NSE_EQ
VOITHPAPR,765000,NSE_EQ
VOLTAMP,13577,NSE_EQ
VOLTAS,3718,NSE_EQ
VPRPL,18341,NSE_EQ
VRAJ,24321,NSE_EQ
VRLLOG,8696,NSE_EQ
VSSL,27067,NSE_EQ
VSTIND,3724,NSE_EQ
VSTL,22730,NSE_EQ
VSTTILLERS,24292,NSE_EQ
VTL,2073,NSE_EQ
VTMLTD,765220,NSE_EQ
WAAREEENER,25907,NSE_EQ
WAAREEINDO,19955,NSE_EQ
WAAREERTL,756038,NSE_EQ
WABAG,20188,NSE_EQ
WAKEFIT,760259,NSE_EQ
WALCHANNAG,3736,NSE_EQ
WANBURY,14063,NSE_EQ
WARDINMOBI,765225,NSE_EQ
WATERBASE,3745,NSE_EQ
WCIL,25403,NSE_EQ
WEALTH,1923,NSE_EQ
WEBELSOLAR,14602,NSE_EQ
WEIZMANIND,3748,NSE_EQ
WEL,7835,NSE_EQ
WELCORP,11821,NSE_EQ
WELENT,11626,NSE_EQ
WELSPLSOL,762971,NSE_EQ
WELSPUNLIV,11253,NSE_EQ
WENDT,4235,NSE_EQ
WESTLIFE,11580,NSE_EQ
WEWIN,9862,NSE_EQ
WEWORK,759434,NSE_EQ
WHBRADY,765005,NSE_EQ
WHEELS,3766,NSE_EQ
WHIRLPOOL,18011,NSE_EQ
WILLAMAGOR,3772,NSE_EQ
WINDLAS,5366,NSE_EQ
WINDMACHIN,24969,NSE_EQ
WIPL,20481,NSE_EQ
WIPRO,3787,NSE_EQ
WOCKPHARMA,7506,NSE_EQ
WONDERLA,3002,NSE_EQ
WORTHPERI,22277,NSE_EQ
WPIL,762978,NSE_EQ
WSI,14828,NSE_EQ
WSTCSTPAPR,3799,NSE_EQ
XCHANGING,11705,NSE_EQ
XELPMOC,8477,NSE_EQ
XPROINDIA,11407,NSE_EQ
XTGLOBAL,25235,NSE_EQ
XTRANET,764312,NSE_EQ
YASHO,18131,NSE_EQ
YATHARTH,17738,NSE_EQ
YATRA,18760,NSE_EQ
YESBANK,11915,NSE_EQ
YOGI,765010,NSE_EQ
YUKEN,5501,NSE_EQ
ZAGGLE,18608,NSE_EQ
ZEEL,3812,NSE_EQ
ZEEMEDIA,14003,NSE_EQ
ZENITHEXPO,4176,NSE_EQ
ZENITHSTL,14562,NSE_EQ
ZENSARTECH,1076,NSE_EQ
ZENTEC,7508,NSE_EQ
ZFCVINDIA,16915,NSE_EQ
ZFSTEERING,4229,NSE_EQ
ZIMLAB,12384,NSE_EQ
ZODIAC,7129,NSE_EQ
ZODIACLOTH,3821,NSE_EQ
ZOTA,11394,NSE_EQ
ZSARACOM,762985,NSE_EQ
ZUARI,29050,NSE_EQ
ZUARIIND,3827,NSE_EQ
ZYDUSLIFE,7929,NSE_EQ
ZYDUSWELL,17635,NSE_EQ
